iso_code,location,population,human_development_index,life_expectancy,hospital_beds_per_thousand,aged_65_older,median_age,population_density,continent,Nombre de cas,Nombre de morts,Nombre de cas par million,Nombre de morts par million,Nombre de vaccinés ( au moins une dose),Nombre de vaccinés ( toutes les doses),Index,Nombre de vaccinés ( toutes les doses) par million
PER,Peru,34049588.0,0.777,76.74,1.6,7.151,29.1,25.129,South America,4461129.0,218284.0,131018.59,6410.768,30206334.0,28426576.0,1,834858.1486507268
BGR,Bulgaria,6781955.0,0.816,75.05,7.454,20.801,44.7,65.18,Europe,1292525.0,38113.0,190582.951,5619.766,2104752.0,2074837.0,2,305934.9405886651
BIH,Bosnia and Herzegovina,3233530.0,0.78,77.4,3.5,16.569,42.5,68.496,Europe,401036.0,16229.0,124024.209,5018.973,943394.0,846080.0,3,261658.31150476416
HUN,Hungary,9967304.0,0.854,76.88,7.02,18.577,43.4,108.043,Europe,2185816.0,48495.0,219298.619,4865.408,6420813.0,6207249.0,4,622761.079625945
MKD,North Macedonia,2093606.0,0.774,75.8,4.28,13.26,39.1,82.6,Europe,345603.0,9614.0,165075.473,4592.077,854452.0,838048.0,5,400289.261685341
GEO,Georgia,3744385.0,0.812,73.77,2.6,14.864,38.7,65.032,Asia,1809359.0,16899.0,483219.274,4513.158,1654504.0,1276173.0,6,340823.1258270717
MNE,Montenegro,627082.0,0.829,76.88,3.861,14.762,39.1,46.28,Europe,284835.0,2791.0,454222.893,4450.774,292783.0,284869.0,7,454277.11208422505
HRV,Croatia,4030361.0,0.851,78.49,5.54,19.724,44.0,73.726,Europe,1264385.0,17638.0,313715.074,4376.283,2320679.0,2250567.0,8,558403.329131063
CZE,Czechia,10493990.0,0.9,79.38,6.63,19.027,43.3,137.176,Europe,4580954.0,42158.0,436531.195,4017.347,6976119.0,6891930.0,9,656750.197017531
SVK,Slovakia,5643455.0,0.86,77.54,5.82,15.07,41.2,113.128,Europe,2657650.0,20827.0,470926.055,3690.47,2595901.0,2577827.0,10,456781.70553322387
MDA,Moldova,3272993.0,0.75,71.9,5.8,10.864,37.6,123.655,Europe,596550.0,11933.0,182264.368,3645.898,1104450.0,1073914.0,11,328113.7478754156
SMR,San Marino,33690.0,,84.97,3.8,,,556.667,Europe,23176.0,121.0,687919.264,3591.57,26357.0,23633.0,12,701484.1199168894
LTU,Lithuania,2750058.0,0.882,75.93,6.56,19.002,43.5,45.135,Europe,1289255.0,9488.0,468810.112,3450.109,1956432.0,1879898.0,13,683584.8553012337
ROU,Romania,19659270.0,0.828,76.05,6.892,17.85,43.0,85.129,Europe,3312085.0,67408.0,168474.465,3428.815,8185732.0,8114769.0,14,412770.6166098741
GIB,Gibraltar,32677.0,,79.93,,,,3457.1,Europe,20275.0,110.0,620466.995,3366.282,42175.0,41465.0,15,1268935.3367812221
GRC,Greece,10384972.0,0.888,82.24,4.21,20.396,45.3,83.479,Europe,5548487.0,34779.0,534280.401,3348.974,7932489.0,7642958.0,16,735963.2746241395
LVA,Latvia,1850654.0,0.866,75.29,5.57,19.754,43.9,31.212,Europe,974309.0,6165.0,526467.4,3331.255,1346184.0,1305976.0,17,705683.504317933
SVN,Slovenia,2119843.0,0.917,81.32,4.5,19.062,44.5,102.619,Europe,1308470.0,7016.0,617248.542,3309.679,1265802.0,1222225.0,18,576563.924781222
USA,United States,338289856.0,0.926,78.86,2.77,15.413,38.3,35.608,North America,100845043.0,1093971.0,298102.474,3233.827,268363272.0,229135170.0,19,677333.8482842358
CHL,Chile,19603736.0,0.851,80.18,2.11,11.087,35.4,24.282,South America,5045602.0,63200.0,257379.614,3223.875,18082896.0,17695722.0,20,902670.8990572001
BRA,Brazil,215313504.0,0.765,75.88,2.2,8.552,33.5,25.04,South America,36362366.0,693981.0,168881.028,3223.119,188564151.0,174905276.0,21,812328.4083472999
GBR,United Kingdom,67508936.0,0.932,81.32,2.54,18.517,40.8,272.898,Europe,24135084.0,213249.0,357509.471,3158.826,53813491.0,50762968.0,22,751944.4240685411
ARM,Armenia,2780472.0,0.776,75.09,4.2,11.232,35.7,102.931,Asia,445976.0,8716.0,160395.789,3134.72,1129669.0,985807.0,23,354546.63812475005
ITA,Italy,59037472.0,0.892,83.51,3.18,23.021,47.9,205.859,Europe,25143705.0,184642.0,425893.998,3127.539,50865838.0,47975181.0,24,812622.5492853082
OWID_SAM,South America,436816679.0,,,,,,,,66894503.0,1341544.0,153140.908,3071.183,373747942.0,338211708.0,25,774264.6383701846
UKR,Ukraine,39701744.0,0.779,72.06,8.8,16.462,41.4,77.39,Europe,5666050.0,118739.0,142715.393,2990.775,15774300.0,15153577.0,26,381685.42419698235
POL,Poland,39857144.0,0.88,78.73,6.62,16.763,41.8,124.027,Europe,6369442.0,118546.0,159806.784,2974.272,22852024.0,22625110.0,27,567655.0733288868
PRY,Paraguay,6780745.0,0.728,74.25,1.3,6.378,26.5,17.144,South America,792215.0,19688.0,116833.032,2903.516,3975338.0,3530179.0,28,520618.162163597
ARG,Argentina,45510324.0,0.845,76.67,5.0,11.198,31.9,16.177,South America,9963697.0,130171.0,218932.676,2860.252,41406841.0,37915226.0,29,833112.6361570179
BEL,Belgium,11655923.0,0.931,81.63,5.64,18.571,41.8,375.564,Europe,4668248.0,33228.0,400504.362,2850.739,9264172.0,9166871.0,30,786456.0361285846
TTO,Trinidad and Tobago,1531043.0,0.796,73.51,3.0,10.014,36.2,266.886,North America,186279.0,4289.0,121668.039,2801.358,753588.0,716898.0,31,468241.58433172683
COL,Colombia,51874028.0,0.767,77.29,1.71,7.646,32.2,44.223,South America,6336660.0,141881.0,122154.771,2735.107,42909220.0,36879309.0,32,710939.7596808947
OWID_EUR,Europe,744807803.0,,,,,,,,245103142.0,2002247.0,329082.404,2688.273,521815826.0,498589464.0,33,669420.301441176
RUS,Russia,144713312.0,0.824,72.58,8.05,14.178,39.6,8.823,Europe,21502402.0,385927.0,148586.206,2666.838,87669148.0,78929790.0,34,545421.7646542428
OWID_EUN,European Union,450146793.0,,,,,,,,181838614.0,1192434.0,403954.036,2648.989,338058888.0,328154199.0,35,728993.7507118927
ABW,Aruba,106459.0,,76.29,,13.085,41.2,584.8,North America,44145.0,280.0,414666.679,2630.121,90152.0,83993.0,36,788970.4017509088
MEX,Mexico,127504120.0,0.779,75.05,1.38,6.857,29.3,66.444,North America,7252944.0,331197.0,56883.997,2597.54,99071001.0,82652919.0,37,648237.241275027
OWID_NAM,North America,600323657.0,,,,,,,,119319758.0,1553219.0,198759.047,2587.303,457627033.0,393046717.0,38,654724.6846212492
SRB,Serbia,6871547.0,0.806,76.0,5.609,17.366,41.2,80.291,Europe,2448268.0,17541.0,356290.658,2552.7,3354075.0,3278198.0,39,477068.4097773034
PRT,Portugal,10270857.0,0.864,82.05,3.39,21.502,46.2,112.371,Europe,5557941.0,25805.0,541137.025,2512.449,9770966.0,8884382.0,40,865008.8303244802
ESP,Spain,47558632.0,0.904,83.56,2.97,19.436,45.5,93.105,Europe,13684258.0,117095.0,287734.475,2462.119,41310693.0,40657640.0,41,854895.0693114974
AUT,Austria,8939617.0,0.922,81.54,7.37,19.202,44.4,106.749,Europe,5712491.0,21448.0,639008.472,2399.208,6895915.0,6822860.0,42,763216.1422575486
FRA,France,67813000.0,0.901,82.66,5.98,19.718,42.0,122.578,Europe,39396172.0,162446.0,580953.092,2395.499,54630083.0,53134102.0,43,783538.5840473066
BMU,Bermuda,64207.0,,82.59,,,,1308.82,North America,18622.0,153.0,290030.682,2382.918,48554.0,47657.0,44,742239.942685377
TUN,Tunisia,12356116.0,0.74,76.7,2.3,8.001,32.7,74.228,Africa,1147571.0,29284.0,92874.735,2370.0,7217098.0,6392574.0,45,517361.1189794592
LCA,Saint Lucia,179872.0,0.759,76.2,1.3,9.721,34.9,293.187,North America,29748.0,409.0,165384.273,2273.839,60140.0,54971.0,46,305611.7683686177
SUR,Suriname,618046.0,0.738,71.68,3.1,6.933,29.6,3.612,South America,82020.0,1398.0,132708.569,2261.968,267820.0,237879.0,47,384888.82704523613
LIE,Liechtenstein,39355.0,0.919,82.49,2.397,,,237.012,Europe,21296.0,88.0,541125.651,2236.056,26763.0,26458.0,48,672290.6873332486
OWID_HIC,High income,1250514600.0,,,,,,,,419138556.0,2790275.0,335172.861,2231.301,996411825.0,933333440.0,49,746359.4907248584
URY,Uruguay,3422796.0,0.817,77.91,2.8,14.655,35.6,19.751,South America,1020161.0,7570.0,298049.022,2211.642,3003589.0,2895701.0,50,846004.5530028667
EST,Estonia,1326064.0,0.892,78.74,4.69,19.452,42.7,31.033,Europe,612451.0,2872.0,461856.29,2165.808,868574.0,848136.0,51,639589.0394430434
PYF,French Polynesia,306292.0,,77.66,,7.775,32.7,77.324,Oceania,77957.0,649.0,254518.564,2118.893,190765.0,186059.0,52,607456.2835464198
SWE,Sweden,10549349.0,0.945,82.8,2.22,19.985,41.0,24.718,Europe,2674862.0,21827.0,253557.068,2069.038,7814933.0,7632713.0,53,723524.5511358094
AND,Andorra,79843.0,0.868,83.73,,,,163.755,Europe,47751.0,165.0,598061.195,2066.556,57901.0,53485.0,54,669877.1338752302
VGB,British Virgin Islands,31332.0,,79.07,,,,207.973,North America,7305.0,64.0,233148.219,2042.64,19466.0,18261.0,55,582822.6733052471
BHS,Bahamas,409989.0,0.814,73.92,2.9,8.996,34.3,39.497,North America,37491.0,833.0,91443.917,2031.762,174147.0,165633.0,56,403993.76568639645
BRB,Barbados,281646.0,0.814,79.19,5.8,14.952,39.8,664.463,North America,105515.0,568.0,374636.956,2016.716,163820.0,154990.0,57,550300.732124724
ECU,Ecuador,18001002.0,0.759,77.01,1.5,7.104,28.1,66.939,South America,1040463.0,35940.0,57800.282,1996.556,15317477.0,14216691.0,58,789772.2026807175
LBN,Lebanon,5489744.0,0.744,78.93,2.9,8.514,31.1,594.561,Asia,1222945.0,10747.0,222769.04,1957.65,2740227.0,2414223.0,59,439769.6868925036
PAN,Panama,4408582.0,0.815,78.51,2.3,7.918,29.7,55.133,North America,1025844.0,8575.0,232692.507,1945.07,3520586.0,3164398.0,60,717781.3637128673
DEU,Germany,83369840.0,0.947,81.33,8.0,21.453,46.6,237.016,Europe,37446795.0,162021.0,449164.77,1943.401,64848992.0,63536077.0,61,762099.0636421996
GRD,Grenada,125459.0,0.779,72.4,3.7,7.304,29.4,317.132,North America,19660.0,238.0,156704.581,1897.034,44180.0,38975.0,62,310659.2592002168
LUX,Luxembourg,647601.0,0.916,82.25,4.51,14.312,39.7,231.447,Europe,313150.0,1189.0,483553.917,1836.007,481903.0,462574.0,63,714288.58201269
BOL,Bolivia,12224114.0,0.718,71.51,1.1,6.704,25.4,10.202,South America,1165375.0,22310.0,95334.108,1825.081,7361008.0,6160585.0,64,503969.85826539254
MSR,Montserrat,4413.0,,74.16,,,,,North America,1403.0,8.0,317924.315,1812.826,2104.0,1952.0,65,442329.4810786313
OWID_KOS,Kosovo,1782115.0,,,,,,168.155,Europe,272288.0,3202.0,152789.242,1796.742,906680.0,824977.0,66,462920.1819186753
MCO,Monaco,36491.0,,86.75,13.8,,,19347.5,Europe,15968.0,65.0,437587.35,1781.261,28875.0,25667.0,67,703378.9153489901
CRI,Costa Rica,5180836.0,0.81,80.28,1.13,9.468,33.6,96.079,North America,1166842.0,9085.0,225222.725,1753.578,4587029.0,4290783.0,68,828202.8228648813
ZAF,South Africa,59893884.0,0.709,64.13,2.32,5.344,27.3,46.754,Africa,4049454.0,102568.0,67610.476,1712.495,23962787.0,21031216.0,69,351141.29516128893
BLZ,Belize,405285.0,0.716,74.62,1.3,3.853,25.0,16.426,North America,70174.0,688.0,173147.291,1697.571,251848.0,221283.0,70,545993.5600873459
IRL,Ireland,5023108.0,0.955,82.3,2.96,13.928,38.7,69.874,Europe,1687668.0,8293.0,335980.831,1650.97,4104287.0,4057046.0,71,807676.4425530966
IRN,Iran,88550568.0,0.783,76.68,1.5,5.44,32.4,49.831,Asia,7561428.0,144696.0,85391.073,1634.049,65113292.0,58514580.0,72,660804.1181621782
CHE,Switzerland,8740471.0,0.955,83.78,4.53,18.436,43.1,214.243,Europe,4399516.0,14182.0,503349.991,1622.567,6095229.0,6011518.0,73,687779.6402505082
SYC,Seychelles,107135.0,0.796,73.4,3.6,8.606,36.2,208.354,Africa,50355.0,172.0,470014.468,1605.451,85803.0,81661.0,74,762225.2298501891
HKG,Hong Kong,7488863.0,0.949,84.86,,16.303,44.8,7039.714,Asia,2685410.0,12018.0,358587.145,1604.783,6908809.0,6787662.0,75,906367.4953060298
GUY,Guyana,808727.0,0.682,69.91,1.6,5.305,26.3,3.952,South America,72261.0,1289.0,89351.536,1593.863,493404.0,380118.0,76,470020.1674978083
NAM,Namibia,2567024.0,0.646,63.71,,3.552,22.0,3.078,Africa,170295.0,4082.0,66339.465,1590.168,602754.0,526072.0,77,204934.5857304022
CUW,Curacao,191173.0,,78.88,,16.367,41.7,362.644,North America,45986.0,299.0,240546.521,1564.028,108601.0,99955.0,78,522851.0302187024
ATG,Antigua and Barbuda,93772.0,0.778,77.02,3.8,6.933,32.1,231.845,North America,9106.0,146.0,97107.879,1556.968,64290.0,62384.0,79,665273.215885339
MLT,Malta,533293.0,0.895,82.53,4.485,19.426,42.4,1454.037,Europe,116489.0,817.0,218433.394,1531.991,478560.0,471332.0,80,883814.338459346
BES,Bonaire Sint Eustatius and Saba,27052.0,,77.79,,,,,North America,11716.0,39.0,433091.823,1441.668,19109.0,16736.0,81,618660.3578293656
FIN,Finland,5540745.0,0.938,81.91,3.28,21.228,42.8,18.136,Europe,1438205.0,7933.0,259568.885,1431.757,4524247.0,4347399.0,82,784623.5479163904
CYP,Cyprus,896007.0,0.887,80.98,3.4,13.416,37.3,127.657,Europe,631111.0,1258.0,704359.453,1404.007,670969.0,646021.0,83,720999.9475450527
IMN,Isle of Man,84534.0,,81.4,,,,147.872,Europe,38008.0,116.0,449617.905,1372.229,69560.0,67106.0,84,793834.4334823858
DNK,Denmark,5882259.0,0.94,80.9,2.5,19.677,42.3,136.52,Europe,3391597.0,7848.0,576580.698,1334.181,4796272.0,4760867.0,85,809360.3154842382
NLD,Netherlands,17564020.0,0.944,82.28,3.32,18.779,43.2,508.544,Europe,8580093.0,23079.0,488503.942,1313.993,12775557.0,11957652.0,86,680803.8250924334
CAN,Canada,38454328.0,0.929,82.43,2.5,16.984,41.4,4.037,North America,4507762.0,49242.0,117223.788,1280.532,34619167.0,31729983.0,87,825134.24756766
ISR,Israel,9449000.0,0.919,82.97,2.99,11.733,30.6,402.606,Asia,4766786.0,12062.0,504475.183,1276.537,6721320.0,6157593.0,88,651666.1022330406
ALB,Albania,2842318.0,0.795,78.57,2.89,13.188,38.0,104.871,Europe,333812.0,3596.0,117443.58,1265.165,1342243.0,1270016.0,89,446824.03587494435
JOR,Jordan,11285875.0,0.729,74.53,1.4,3.81,23.2,109.285,Asia,1746997.0,14122.0,154794.998,1251.299,4821579.0,4558313.0,90,403895.400223731
JAM,Jamaica,2827382.0,0.734,74.47,1.7,9.684,31.4,266.879,North America,152791.0,3464.0,54039.744,1225.162,843447.0,743499.0,91,262963.7594071123
TUR,Turkey,85341248.0,0.82,77.69,2.81,8.153,31.6,104.914,Asia,17042722.0,101492.0,199700.876,1189.249,57941051.0,53176961.0,92,623109.7182923784
SWZ,Eswatini,1201680.0,0.611,60.19,2.1,3.163,21.5,79.492,Africa,74034.0,1422.0,61608.748,1183.343,507582.0,490673.0,93,408322.51514546305
VCT,Saint Vincent and the Grenadines,103959.0,0.738,72.53,2.6,7.724,31.8,281.787,North America,9538.0,119.0,91747.708,1144.682,37331.0,31445.0,94,302475.01418828574
GTM,Guatemala,17843914.0,0.663,74.3,0.6,4.694,22.9,157.834,North America,1204860.0,20004.0,67522.182,1121.054,8856243.0,7028257.0,95,393874.18029474927
BWA,Botswana,2630300.0,0.735,69.59,1.8,3.941,25.8,4.044,Africa,328760.0,2876.0,124989.545,1093.411,1687070.0,1426050.0,96,542162.4909706118
PSE,Palestine,5250076.0,0.708,74.05,,3.043,20.4,778.202,Asia,703228.0,5708.0,133946.251,1087.222,2012767.0,1776973.0,97,338466.1479186206
MYS,Malaysia,33938216.0,0.81,76.16,1.9,6.293,29.9,96.254,Asia,5027790.0,36859.0,148145.383,1086.062,28121032.0,27532467.0,98,811252.6303680782
NCL,New Caledonia,289959.0,,77.55,,9.954,33.4,15.342,Oceania,79577.0,314.0,274442.249,1082.912,191672.0,184123.0,99,634996.6719432747
HND,Honduras,10432858.0,0.634,75.27,0.7,4.652,24.9,82.805,North America,465915.0,11071.0,44658.424,1061.167,6443311.0,5758291.0,100,551938.0212018605
BHR,Bahrain,1472237.0,0.852,77.29,2.0,2.372,32.4,1935.907,Asia,698889.0,1539.0,474712.292,1045.348,1241174.0,1226796.0,101,833287.0319113024
DMA,Dominica,72758.0,0.742,75.0,3.8,,,98.567,North America,15760.0,74.0,216608.483,1017.07,32995.0,30659.0,102,421383.2155914126
OMN,Oman,4576300.0,0.813,77.86,1.6,2.355,30.7,14.98,Asia,399154.0,4628.0,87221.992,1011.297,3257365.0,3048826.0,103,666220.7460175251
OWID_UMC,Upper middle income,2525921300.0,,,,,,,,143020358.0,2512864.0,56621.067,994.831,2102849293.0,1987479497.0,104,786833.4999194156
KAZ,Kazakhstan,19397998.0,0.825,73.6,6.7,6.991,30.6,6.681,Asia,1488306.0,19058.0,76724.722,982.473,10849289.0,10613754.0,105,547157.186014763
AZE,Azerbaijan,10358078.0,0.756,73.0,4.7,6.018,32.4,119.309,Asia,826462.0,10008.0,79789.127,966.202,5373253.0,4862494.0,106,469439.79375324264
KNA,Saint Kitts and Nevis,47681.0,0.779,76.23,2.3,,,212.865,North America,6562.0,46.0,137622.953,964.745,33794.0,27000.0,107,566263.2914578133
FJI,Fiji,929769.0,0.743,67.44,2.3,6.224,28.6,49.562,Oceania,68750.0,881.0,73943.098,947.547,711556.0,640518.0,108,688900.1461653378
LBY,Libya,6812344.0,0.724,72.91,3.7,4.424,29.0,3.623,Africa,507153.0,6437.0,74446.182,944.902,2308724.0,1229888.0,109,180538.1525066849
NOR,Norway,5434324.0,0.957,82.4,3.6,16.821,39.7,14.462,Europe,1475588.0,4770.0,271531.105,877.754,4346995.0,4054726.0,110,746132.545648732
OWID_WRL,World,7975105024.0,0.737,72.58,2.705,8.696,30.9,58.045,,661608535.0,6695063.0,82959.225,839.495,5511995275.0,5058510841.0,111,634287.677187585
MUS,Mauritius,1299478.0,0.804,74.99,3.4,10.945,37.4,622.962,Africa,291335.0,1041.0,224193.869,801.091,1123773.0,1088142.0,112,837368.5433689527
TCA,Turks and Caicos Islands,45726.0,,80.22,,,,37.312,North America,6479.0,36.0,141691.816,787.298,32338.0,30288.0,113,662380.2650570791
LKA,Sri Lanka,21832150.0,0.782,76.98,3.6,10.069,34.1,341.955,Asia,671903.0,16817.0,30775.851,770.286,17143761.0,14752827.0,114,675738.6240017589
CUB,Cuba,11212198.0,0.783,78.8,5.2,14.738,43.1,110.408,North America,1112048.0,8530.0,99181.98,760.779,10719312.0,10003939.0,115,892237.0974897161
AIA,Anguilla,15877.0,,81.88,,,,,North America,3904.0,12.0,245890.282,755.81,10853.0,10377.0,116,653586.9496756315
BLR,Belarus,9534956.0,0.823,74.79,11.0,14.799,40.3,46.858,Europe,994037.0,7118.0,104251.871,746.516,6518021.0,6403134.0,117,671543.109375649
CPV,Cape Verde,593162.0,0.665,72.98,2.1,4.46,25.7,135.58,Africa,63203.0,412.0,106552.679,694.583,356734.0,308720.0,118,520464.89829085476
SLV,El Salvador,6336393.0,0.673,73.32,1.3,8.273,27.6,307.811,North America,201785.0,4230.0,31845.405,667.572,4652597.0,4344286.0,119,685608.6735781698
AUS,Australia,26177410.0,0.944,83.44,3.84,15.504,37.9,3.202,Oceania,11135105.0,17082.0,425370.768,652.547,22235469.0,21656484.0,120,827296.6653309094
TWN,Taiwan,23893396.0,,80.46,,,42.2,,Asia,8914351.0,15321.0,373088.489,641.223,21829864.0,20627469.0,121,863312.5655306596
MNG,Mongolia,3398373.0,0.737,69.87,7.0,4.031,28.6,1.98,Asia,1007422.0,2136.0,296442.445,628.536,2272965.0,2175617.0,122,640193.7044579862
KOR,South Korea,51815808.0,0.916,83.03,12.27,13.914,43.4,527.967,Asia,29299166.0,32355.0,565448.405,624.423,44869134.0,44449632.0,123,857839.2138553548
ISL,Iceland,372903.0,0.949,82.99,2.91,14.431,37.3,3.404,Europe,208298.0,229.0,558584.94,614.101,309770.0,290193.0,124,778199.6926814748
WLF,Wallis and Futuna,11596.0,,79.94,,,,,Oceania,3427.0,7.0,295532.942,603.656,7136.0,6794.0,125,585891.6867885478
KWT,Kuwait,4268886.0,0.806,75.49,2.0,2.345,33.7,232.128,Asia,662747.0,2570.0,155250.574,602.031,3454823.0,3343442.0,126,783211.8262235159
MDV,Maldives,523798.0,0.74,78.92,,4.12,30.6,1454.433,Asia,185693.0,311.0,354512.617,593.74,399151.0,385081.0,127,735170.8101214591
IDN,Indonesia,275501344.0,0.718,71.72,1.04,5.319,29.3,145.725,Asia,6721095.0,160648.0,24395.87,583.111,203575051.0,172533762.0,128,626253.7942464629
IRQ,Iraq,44496124.0,0.674,70.6,1.4,3.186,20.0,88.125,Asia,2465545.0,25375.0,55410.332,570.274,11332925.0,7944775.0,129,178549.8215529964
PHL,Philippines,115559008.0,0.718,71.23,1.0,4.803,25.2,351.873,Asia,4200225.0,65435.0,36347.015,566.248,78326578.0,73875746.0,130,639290.2403592804
CYM,Cayman Islands,68722.0,,83.92,,,,256.496,North America,31472.0,37.0,457961.061,538.401,61826.0,60539.0,131,880926.0498821338
FRO,Faeroe Islands,53117.0,,80.67,,,,35.308,Europe,34658.0,28.0,652484.139,527.138,41715.0,40895.0,132,769904.1738049965
FSM,Micronesia (country),114178.0,0.62,67.88,,4.81,23.0,150.777,Oceania,22203.0,58.0,194459.528,507.979,,,133,
BRN,Brunei,449002.0,0.838,75.86,2.7,4.591,32.4,81.347,Asia,266819.0,225.0,594249.023,501.111,450404.0,445929.0,134,993155.9324902785
PLW,Palau,18084.0,0.826,73.7,4.8,,,47.237,Oceania,5971.0,9.0,330181.376,497.678,,,135,
OWID_OCE,Oceania,45038860.0,,,,,,,,13659103.0,22240.0,303273.729,493.796,28949063.0,27904804.0,136,619571.7209538607
THA,Thailand,71697024.0,0.777,77.15,2.1,11.373,40.1,135.132,Asia,4723618.0,33650.0,65883.041,469.336,57005497.0,53486086.0,137,746001.4797824802
JPN,Japan,123951696.0,0.919,84.63,13.05,27.049,48.2,347.778,Asia,29489769.0,57952.0,237913.397,467.537,104543871.0,103138549.0,138,832086.6299401019
KGZ,Kyrgyzstan,6630621.0,0.697,71.45,4.5,4.489,26.3,32.333,Asia,206567.0,2991.0,31153.492,451.089,1637320.0,1361422.0,139,205323.4531124611
NZL,New Zealand,5185289.0,0.931,82.29,2.61,15.322,37.9,18.206,Oceania,2117669.0,2331.0,408399.416,449.541,4299152.0,4137155.0,140,797863.9184816893
VNM,Vietnam,98186856.0,0.704,75.4,2.6,7.15,32.6,308.127,Asia,11525408.0,43186.0,117382.392,439.835,90399369.0,85553108.0,141,871329.5392613447
MAR,Morocco,37457976.0,0.686,76.68,1.1,6.769,29.6,80.08,Africa,1271671.0,16295.0,33949.272,435.021,25015241.0,23515876.0,142,627793.5572386506
MHL,Marshall Islands,41593.0,0.704,73.7,2.7,,,295.15,Oceania,15554.0,17.0,373957.156,408.723,,,143,
NPL,Nepal,30547586.0,0.602,70.78,0.3,5.809,25.0,204.43,Asia,1001005.0,12019.0,32768.71,393.452,27566723.0,24057021.0,144,787526.0912597153
OWID_LMC,Lower middle income,3432097300.0,,,,,,,,97145651.0,1344056.0,28305.04,391.614,2221993948.0,1979105621.0,145,576646.1285931491
DOM,Dominican Republic,11228821.0,0.756,74.08,1.6,6.981,27.6,222.873,North America,658863.0,4384.0,58676.062,390.424,7300637.0,6071986.0,146,540750.0929972968
IND,India,1417173120.0,0.645,69.66,0.53,5.989,28.2,450.419,Asia,44680355.0,530707.0,31527.803,374.483,1027209389.0,951225480.0,147,671213.3236057991
GRL,Greenland,56494.0,,71.7,,,,0.137,North America,11971.0,21.0,211898.609,371.721,41227.0,38511.0,148,681683.0105851949
MMR,Myanmar,54179312.0,0.583,67.13,0.9,5.732,29.1,81.721,Asia,633694.0,19490.0,11696.236,359.731,34777314.0,27545329.0,149,508410.46117381484
ZWE,Zimbabwe,16320539.0,0.571,61.49,1.7,2.822,19.6,42.729,Africa,259981.0,5637.0,15929.682,345.393,6437808.0,4751270.0,150,291122.12531706213
SPM,Saint Pierre and Miquelon,5885.0,,81.07,,,,,North America,3349.0,2.0,569073.917,339.847,,,151,
STP,Sao Tome and Principe,227393.0,0.625,70.39,2.9,2.886,18.7,212.841,Africa,6279.0,77.0,27612.987,338.621,127438.0,103623.0,152,455700.04353696026
OWID_ASI,Asia,4721383370.0,,,,,,,,204160230.0,1518255.0,43241.612,321.57,3651298534.0,3407861413.0,153,721792.9886087602
LSO,Lesotho,2305826.0,0.527,54.33,,4.506,22.2,73.562,Africa,34790.0,723.0,15087.869,313.554,998183.0,925976.0,154,401581.03863864834
SGP,Singapore,5637022.0,0.938,83.62,2.4,12.922,42.4,7915.731,Asia,2203702.0,1712.0,390933.724,303.706,5159872.0,5117470.0,155,907832.1851502443
SAU,Saudi Arabia,36408824.0,0.854,75.13,2.7,3.295,31.9,15.322,Asia,827100.0,9524.0,22717.02,261.585,26951666.0,25351683.0,156,696306.0108725292
QAT,Qatar,2695131.0,0.848,80.23,1.2,1.307,31.9,227.322,Asia,489994.0,685.0,181807.118,254.162,2850159.0,2850158.0,157,1057521.137191476
ARE,United Arab Emirates,9441138.0,0.89,77.97,1.2,1.144,34.0,112.442,Asia,1047157.0,2348.0,110914.277,248.699,9991089.0,9792266.0,158,1037191.2792716302
EGY,Egypt,110990096.0,0.707,71.99,1.6,5.159,25.3,97.999,Africa,515645.0,24802.0,4645.865,223.461,53731514.0,40092338.0,159,361224.4645684422
SLB,Solomon Islands,724272.0,0.567,73.0,1.4,3.507,20.8,21.841,Oceania,24575.0,153.0,33930.623,211.247,343821.0,254352.0,160,351182.9809795215
MRT,Mauritania,4736146.0,0.546,64.92,,3.138,20.3,4.289,Africa,63425.0,997.0,13391.69,210.509,2096578.0,1531866.0,161,323441.4648534906
VEN,Venezuela,28301700.0,0.711,72.06,0.8,6.614,29.0,36.253,South America,550624.0,5832.0,19455.51,206.065,22157232.0,14966671.0,162,528825.8655840462
ZMB,Zambia,20017670.0,0.584,63.89,2.0,2.48,17.7,22.995,Africa,334695.0,4024.0,16719.978,201.022,10802844.0,8555745.0,163,427409.63358872436
COM,Comoros,836783.0,0.554,64.32,2.2,2.963,20.4,437.352,Africa,8983.0,161.0,10735.161,192.404,438825.0,397080.0,164,474531.62886913336
AFG,Afghanistan,41128772.0,0.511,64.83,0.5,2.581,18.6,54.422,Asia,207654.0,7850.0,5048.874,190.864,11459692.0,10754839.0,165,261491.85781671287
KHM,Cambodia,16767851.0,0.594,69.82,0.8,4.412,25.6,90.672,Asia,138600.0,3056.0,8265.818,182.254,15235245.0,14600964.0,166,870771.334979062
OWID_AFR,Africa,1426736614.0,,,,,,,,12471078.0,257543.0,8740.981,180.512,478556877.0,392896735.0,167,275381.40617172106
BGD,Bangladesh,171186368.0,0.632,72.59,0.8,5.098,27.5,1265.036,Asia,2037187.0,29440.0,11900.404,171.976,150133683.0,126982834.0,168,741781.2264116731
DJI,Djibouti,1120851.0,0.524,67.11,1.4,4.213,25.4,41.285,Africa,15690.0,189.0,13998.292,168.622,317428.0,297060.0,169,265030.7668012965
DZA,Algeria,44903228.0,0.748,76.88,1.9,6.211,29.1,17.348,Africa,271230.0,6881.0,6040.323,153.241,7840131.0,6481186.0,170,144336.75013297485
SYR,Syria,22125242.0,0.567,72.7,1.5,,21.7,,Asia,57423.0,3163.0,2595.361,142.959,3179030.0,2226318.0,171,100623.44176845613
MWI,Malawi,20405318.0,0.483,64.26,1.3,2.979,18.1,197.519,Africa,88220.0,2896.0,4323.383,141.924,4587043.0,3685148.0,172,180597.43053257
GMB,Gambia,2705995.0,0.496,62.05,1.1,2.339,17.5,207.566,Africa,12586.0,372.0,4651.154,137.473,548701.0,454249.0,173,167867.64203185888
WSM,Samoa,222390.0,0.715,73.32,,5.606,22.0,69.413,Oceania,15982.0,29.0,71864.742,130.402,231546.0,215077.0,174,967116.3271729844
PAK,Pakistan,235824864.0,0.557,67.27,0.6,4.495,23.5,255.573,Asia,1575854.0,30638.0,6682.306,129.918,154665740.0,131368973.0,175,557061.5870258702
GAB,Gabon,2388997.0,0.703,66.47,6.3,4.45,23.1,7.859,Africa,48980.0,306.0,20502.328,128.087,311040.0,257378.0,176,107734.7522830711
SEN,Senegal,17316452.0,0.512,67.94,,3.008,18.7,82.328,Africa,88900.0,1988.0,5133.846,114.804,1949419.0,1356436.0,177,78332.21262646643
TON,Tonga,106867.0,0.725,70.91,2.6,5.82,22.3,150.028,Oceania,16412.0,12.0,153574.069,112.289,91949.0,77464.0,178,724863.6155220976
GNQ,Equatorial Guinea,1674916.0,0.592,58.74,2.1,2.846,22.4,45.194,Africa,17186.0,183.0,10260.813,109.259,270109.0,214032.0,179,127786.70691545127
RWA,Rwanda,13776702.0,0.543,69.02,,2.974,20.3,494.869,Africa,133033.0,1468.0,9656.375,106.557,10572981.0,9274948.0,180,673234.2762440532
SDN,Sudan,46874200.0,0.51,65.31,0.8,3.548,19.7,23.258,Africa,63686.0,4994.0,1358.658,106.54,10504568.0,8302878.0,181,177131.08703721876
KEN,Kenya,54027484.0,0.601,66.7,1.4,2.686,20.0,87.324,Africa,342512.0,5688.0,6339.588,105.28,14213956.0,10832419.0,182,200498.30564014422
TLS,Timor,1341298.0,0.606,69.5,5.9,3.556,18.0,87.176,Asia,23397.0,138.0,17443.551,102.885,877982.0,788452.0,183,587827.6117611448
LAO,Laos,7529477.0,0.613,67.92,1.5,4.029,24.4,29.715,Asia,217825.0,758.0,28929.632,100.671,5888649.0,5222417.0,184,693596.2484512536
KIR,Kiribati,131237.0,0.63,68.37,1.9,3.895,23.2,143.701,Oceania,3430.0,13.0,26135.922,99.057,96184.0,73888.0,185,563011.9554698751
GNB,Guinea-Bissau,2105580.0,0.48,58.32,,3.002,19.4,66.191,Africa,8947.0,176.0,4249.185,83.587,640393.0,404228.0,186,191979.40709923155
NRU,Nauru,12691.0,,59.96,5.0,,,682.45,Oceania,4621.0,1.0,364116.303,78.796,11522.0,8585.0,187,676463.6356473091
SOM,Somalia,17597508.0,,57.4,0.9,2.731,16.8,23.5,Africa,27310.0,1361.0,1551.924,77.34,7524443.0,6324409.0,188,359392.3071380334
UGA,Uganda,47249588.0,0.544,63.37,0.5,2.168,16.4,213.759,Africa,169985.0,3630.0,3597.598,76.826,18867075.0,12961901.0,189,274328.3391169464
HTI,Haiti,11585003.0,0.51,64.0,0.7,4.8,24.3,398.448,North America,33904.0,860.0,2926.542,74.234,398517.0,237406.0,190,20492.528141770872
CMR,Cameroon,27914542.0,0.563,59.29,1.3,3.165,18.8,50.885,Africa,123993.0,1965.0,4441.878,70.393,3651727.0,3110433.0,191,111426.97594680221
MOZ,Mozambique,32969520.0,0.456,60.85,0.7,3.158,17.7,37.728,Africa,230970.0,2230.0,7005.562,67.638,18581293.0,18448526.0,192,559563.0752282714
PNG,Papua New Guinea,10142625.0,0.555,64.5,,3.808,22.6,18.22,Oceania,46663.0,669.0,4600.683,65.959,364894.0,304687.0,193,30040.250921235875
OWID_LIC,Low income,737604900.0,,,,,,,,2268936.0,47927.0,3076.086,64.977,190702130.0,158556948.0,194,214961.89626722925
COG,Congo,5970430.0,0.574,64.57,,3.402,19.0,15.405,Africa,25375.0,386.0,4250.113,64.652,695760.0,654119.0,195,109559.78045132427
YEM,Yemen,33696612.0,0.47,66.12,0.7,2.922,20.3,53.508,Asia,11945.0,2159.0,354.487,64.072,1003208.0,757050.0,196,22466.65035642159
ETH,Ethiopia,123379928.0,0.485,66.6,0.3,3.526,19.8,104.957,Africa,498341.0,7572.0,4039.077,61.371,43111242.0,36707357.0,197,297514.81942832714
COK,Cook Islands,17032.0,,76.25,,,,,Oceania,6389.0,1.0,375117.426,58.713,15084.0,14715.0,198,863961.9539689996
LBR,Liberia,5302690.0,0.48,64.1,0.8,3.057,19.2,49.127,Africa,8043.0,294.0,1516.777,55.444,3903802.0,3730967.0,199,703598.928091214
AGO,Angola,35588996.0,0.581,61.15,,2.405,16.8,23.89,Africa,105095.0,1930.0,2953.02,54.23,14990131.0,8253873.0,200,231922.05253556464
MDG,Madagascar,29611718.0,0.528,67.04,0.2,2.929,19.6,43.951,Africa,67750.0,1418.0,2287.946,47.886,2056662.0,1981152.0,201,66904.32483518856
UZB,Uzbekistan,34627648.0,0.72,71.72,4.0,4.469,28.2,76.134,Asia,249766.0,1637.0,7212.907,47.274,21283789.0,17707137.0,202,511358.3515692431
GHA,Ghana,33475870.0,0.611,64.07,0.9,3.385,21.1,126.719,Africa,171065.0,1461.0,5110.099,43.643,12163179.0,9183560.0,203,274333.7215731809
VUT,Vanuatu,326744.0,0.609,70.47,,4.394,23.1,22.662,Oceania,12013.0,14.0,36765.786,42.847,144824.0,131697.0,204,403058.663663296
NIC,Nicaragua,6948395.0,0.66,74.48,0.9,5.445,27.3,51.667,North America,15365.0,245.0,2211.302,35.26,6171763.0,5946635.0,205,855828.5762395489
GIN,Guinea,13859349.0,0.477,61.6,0.3,3.135,19.0,51.755,Africa,38210.0,466.0,2756.984,33.624,6087292.0,3293736.0,206,237654.4526009122
MLI,Mali,22593598.0,0.434,59.31,0.1,2.519,16.4,15.196,Africa,32771.0,743.0,1450.455,32.885,3210921.0,2593973.0,207,114810.08912347649
TGO,Togo,8848700.0,0.515,61.04,0.7,2.839,19.4,143.366,Africa,39344.0,290.0,4446.303,32.773,2242455.0,1456018.0,208,164545.97850531715
CIV,Cote d'Ivoire,28160548.0,0.538,57.78,,2.933,18.7,76.399,Africa,87945.0,831.0,3122.986,29.509,13148381.0,11660147.0,209,414059.6624753183
ERI,Eritrea,3684041.0,0.459,66.32,0.7,3.607,19.3,44.304,Africa,10189.0,103.0,2765.713,27.958,,,210,
BTN,Bhutan,782457.0,0.654,71.78,1.7,4.885,28.6,21.188,Asia,62531.0,21.0,79916.213,26.839,699116.0,677669.0,211,866078.2637256745
CAF,Central African Republic,5579148.0,0.397,53.28,1.0,3.655,18.3,7.479,Africa,15351.0,113.0,2751.495,20.254,1984791.0,1934575.0,212,346750.97344612476
MAC,Macao,695180.0,,84.24,,9.798,39.2,20546.766,Asia,1569.0,13.0,2256.969,18.7,676504.0,638637.0,213,918664.2308466871
BFA,Burkina Faso,22673764.0,0.452,61.58,0.4,2.409,17.6,70.151,Africa,22006.0,395.0,970.549,17.421,4366726.0,3335753.0,214,147119.50781528818
COD,Democratic Republic of Congo,99010216.0,0.48,60.68,,3.02,17.0,35.879,Africa,95173.0,1462.0,961.244,14.766,9045823.0,6756571.0,215,68241.1499839572
SLE,Sierra Leone,8605723.0,0.452,54.7,,2.538,19.1,104.7,Africa,7760.0,126.0,901.726,14.641,4318136.0,3445251.0,216,400344.16631815827
NGA,Nigeria,218541216.0,0.539,54.69,,2.751,18.1,209.588,Africa,266450.0,3155.0,1219.221,14.437,72354408.0,59867077.0,217,273939.5254394484
TZA,Tanzania,65497752.0,0.529,65.46,0.7,3.108,17.7,64.699,Africa,42351.0,845.0,646.602,12.901,31191545.0,29270881.0,218,446899.01723649993
SSD,South Sudan,10913172.0,0.433,57.85,,3.441,19.2,,Africa,18368.0,138.0,1683.104,12.645,2252089.0,2210238.0,219,202529.38375753633
TJK,Tajikistan,9952789.0,0.668,71.1,4.8,3.466,23.3,64.281,Asia,17786.0,125.0,1787.037,12.559,5311967.0,5170582.0,220,519510.8627340538
BEN,Benin,13352864.0,0.545,61.77,0.5,3.244,18.8,99.11,Africa,27982.0,163.0,2095.58,12.207,3697190.0,2742837.0,221,205411.88766694546
NER,Niger,26207982.0,0.394,62.42,0.3,2.553,15.1,16.955,Africa,9473.0,314.0,361.455,11.981,6072321.0,5308074.0,222,202536.5402036677
TCD,Chad,17723312.0,0.398,54.24,,2.486,16.7,11.833,Africa,7651.0,194.0,431.691,10.946,3750058.0,3625087.0,223,204537.78616547515
CHN,China,1425887360.0,0.761,76.91,4.34,10.641,38.7,147.674,Asia,1909905.0,5549.0,1339.45,3.892,1307222000.0,1274018000.0,224,893491.3344066673
BDI,Burundi,12889583.0,0.433,61.58,0.8,2.562,17.5,423.062,Africa,52051.0,38.0,4038.222,2.948,28541.0,27957.0,225,2168.960780189708
PRK,North Korea,26069416.0,,72.27,13.2,9.491,35.3,211.701,Asia,1.0,6.0,0.038,0.23,,,226,
PRI,Puerto Rico,3252412.0,,80.1,,15.168,38.2,376.232,North America,,,,,,,227,
OWID_WLS,Wales,3170000.0,,,,,,,Europe,,,,,2591005.0,2471602.0,228,779685.1735015773
PCN,Pitcairn,47.0,,,,,,,Oceania,,,,,47.0,47.0,229,1000000.0
VAT,Vatican,808.0,,75.12,,,,,Europe,29.0,,35891.089,,,,230,
FLK,Falkland Islands,3801.0,,81.44,,,,,South America,1930.0,,507761.115,,2632.0,1775.0,231,466982.37305972114
OWID_SCT,Scotland,5466000.0,,,,,,,Europe,,,,,4549556.0,4285946.0,232,784110.1353823637
SHN,Saint Helena,5401.0,,80.56,,,,,Africa,2166.0,,401036.845,,4361.0,3531.0,233,653767.8207739308
GUM,Guam,171783.0,,80.07,,9.551,31.4,304.128,Oceania,,,,,,,234,
GGY,Guernsey,63329.0,,,,,,,Europe,,,,,54223.0,52710.0,235,832320.1061125235
ESH,Western Sahara,576005.0,,70.26,,,28.4,,Africa,,,,,,,236,
SXM,Sint Maarten (Dutch part),44192.0,,78.95,,,,1209.088,North America,,,,,29788.0,26658.0,237,603231.3540912382
TUV,Tuvalu,11335.0,,67.57,,,,373.067,Oceania,2828.0,,249492.722,,9603.0,9322.0,238,822408.4693427437
OWID_NIR,Northern Ireland,1896000.0,,,,,,,Europe,,,,,1429764.0,1359865.0,239,717228.3755274261
TKM,Turkmenistan,6430777.0,0.715,68.19,7.4,4.277,26.9,12.253,Asia,,,,,3728000.0,3689000.0,240,573647.6323156595
TKL,Tokelau,1893.0,,81.86,,,,,Oceania,,,,,2203.0,2203.0,241,1163761.2255678817
OWID_CYN,Northern Cyprus,382836.0,,,,,,,Asia,,,,,301673.0,313067.0,242,817757.4731738917
MNP,Northern Mariana Islands,49574.0,,76.74,,,,119.878,Oceania,,,,,,,243,
JEY,Jersey,110796.0,,,,,,,Europe,,,,,84338.0,81838.0,244,738636.7738907542
OWID_INT,International,,,,,,,,,721.0,15.0,,,,,245,
NIU,Niue,1952.0,,73.71,,,,,Oceania,,,,,1636.0,1634.0,246,837090.1639344263
OWID_ENG,England,56550000.0,,,,,,,Europe,,,,,45374671.0,42878848.0,247,758246.6489832007
VIR,United States Virgin Islands,99479.0,,80.58,,18.601,42.2,306.48,North America,,,,,,,248,
